DISPLAY_FIRST_LAST,FROM_YEAR,TO_YEAR
Alaa Abdelnaby,1990,1994
Zaid Abdul-Aziz,1968,1977
Kareem Abdul-Jabbar,1969,1988
Mahmoud Abdul-Rauf,1990,2000
Tariq Abdul-Wahad,1997,2003
Shareef Abdur-Rahim,1996,2007
Tom Abernethy,1976,1980
Forest Able,1956,1956
John Abramovic,1946,1947
Alex Abrines,2016,2018
Alex Acker,2005,2008
Donald Ackerman,1953,1953
Mark Acres,1987,1992
Charles Acton,1967,1967
Quincy Acy,2012,2018
Alvan Adams,1975,1987
